{
  "version": "1.0.0",
  "created_at": "2024-01-15T00:00:00Z",
  "last_updated": "2024-01-15T00:00:00Z",

  "statistics": {
    "total_decisions": 0,
    "total_patterns": 0,
    "overall_win_rate": 0,
    "avg_pnl": 0,
    "best_pool": null,
    "best_strategy": null
  },

  "patterns": {
    "success": [],
    "avoid": []
  },

  "pool_knowledge": {},

  "market_knowledge": {
    "known_regimes": [],
    "regime_performance": {}
  },

  "learning_queue": [],

  "metadata": {
    "confidence_threshold": 70,
    "min_samples_for_pattern": 10,
    "pattern_decay_days": 90,
    "max_patterns": 100
  }
}
